{"quotes":{"USDAED":3.673199,"USDAFN":80.3475,"USDALL":107.995007,"USDAMD":480.530168,"USDANG":1.879598,"USDAOA":338.983501,"USDARS":43.682101,"USDAUD":1.44585,"USDAWG":1.779375,"USDAZN":1.705011,"USDBAM":1.73175,"USDBBD":2.00645,"USDBDT":84.694022,"USDBGN":1.73175,"USDBHD":0.376995,"USDBIF":1840.2,"USDBMD":1,"USDBND":1.36785,"USDBOB":6.926894,"USDBRL":3.867301,"USDBSD":1.00242,"USDBTC":0.000123,"USDBTN":69.396399,"USDBWP":10.872504,"USDBYN":2.07875,"USDBYR":19600,"USDBZD":2.02065,"USDCAD":1.333145,"USDCDF":1660.000065,"USDCHF":0.994665,"USDCLF":0.025246,"USDCLP":696.595017,"USDCNY":6.919203,"USDCOP":3263.5,"USDCRC":588.455027,"USDCUC":1,"USDCUP":26.5,"USDCVE":97.647979,"USDCZK":22.656799,"USDDJF":177.719794,"USDDKK":6.612205,"USDDOP":51.477499,"USDDZD":119.18983,"USDEGP":16.72495,"USDERN":15.000067,"USDETB":28.927499,"USDEUR":0.885465,"USDFJD":2.152896,"USDFKP":0.78516,"USDGBP":0.78753,"USDGEL":2.719622,"USDGGP":0.787501,"USDGHS":5.39315,"USDGIP":0.78516,"USDGMD":49.784976,"USDGNF":9158.09567,"USDGTQ":7.70375,"USDGYD":209.294993,"USDHKD":7.82219,"USDHNL":24.537503,"USDHRK":6.562501,"USDHTG":92.666504,"USDHUF":285.340207,"USDIDR":14260,"USDILS":3.582298,"USDIMP":0.787501,"USDINR":69.396983,"USDIQD":1196,"USDIRR":42105.00016,"USDISK":125.289418,"USDJEP":0.787501,"USDJMD":130.495004,"USDJOD":0.708976,"USDJPY":108.273497,"USDKES":101.150222,"USDKGS":69.8135,"USDKHR":4078.050127,"USDKMF":435.224966,"USDKPW":900.060233,"USDKRW":1186.220311,"USDKWD":0.30385,"USDKYD":0.83534,"USDKZT":385.254969,"USDLAK":8733.799323,"USDLBP":1515.899662,"USDLKR":176.985001,"USDLRD":193.999986,"USDLSL":14.669997,"USDLTL":2.95274,"USDLVL":0.60489,"USDLYD":1.39775,"USDMAD":9.620498,"USDMDL":18.169495,"USDMGA":3660.050017,"USDMKD":54.305499,"USDMMK":1534.750355,"USDMNT":2659.957063,"USDMOP":8.075401,"USDMRO":357.000221,"USDMUR":35.449844,"USDMVR":15.450202,"USDMWK":760.830408,"USDMXN":19.191502,"USDMYR":4.163598,"USDMZN":62.204974,"USDNAD":14.401706,"USDNGN":360.000034,"USDNIO":33.031996,"USDNOK":8.663765,"USDNPR":111.255024,"USDNZD":1.51937,"USDOMR":0.384995,"USDPAB":1.002445,"USDPEN":3.3414,"USDPGK":3.38325,"USDPHP":51.944977,"USDPKR":152.245026,"USDPLN":3.768103,"USDPYG":6272.298766,"USDQAR":3.64125,"USDRON":4.182396,"USDRSD":104.530174,"USDRUB":64.8029,"USDRWF":911.785,"USDSAR":3.75065,"USDSBD":8.24175,"USDSCR":13.733498,"USDSDG":45.222504,"USDSEK":9.46894,"USDSGD":1.366295,"USDSHP":1.320897,"USDSLL":8899.999824,"USDSOS":582.999997,"USDSRD":7.457985,"USDSTD":21050.59961,"USDSVC":8.77135,"USDSYP":515.000217,"USDSZL":14.810221,"USDTHB":31.239675,"USDTJS":9.458499,"USDTMT":3.5,"USDTND":2.95715,"USDTOP":2.285008,"USDTRY":5.812897,"USDTTD":6.79845,"USDTWD":31.45096,"USDTZS":2300.40253,"USDUAH":26.527959,"USDUGX":3754.150177,"USDUSD":1,"USDUYU":35.501498,"USDUZS":8532.000163,"USDVEF":9.987498,"USDVND":23377.3,"USDVUV":115.931769,"USDWST":2.639533,"USDXAF":580.946685,"USDXAG":0.067568,"USDXAU":0.000748,"USDXCD":2.70255,"USDXDR":0.722078,"USDXOF":580.879763,"USDXPF":105.600271,"USDYER":250.397998,"USDZAR":14.8793,"USDZMK":9001.201675,"USDZMW":13.252016,"USDZWL":322.355011}}