{
  "quotes": {
    "USDAED": 3.673104,
    "USDAFN": 89.399125,
    "USDALL": 114.261266,
    "USDAMD": 429.910629,
    "USDANG": 1.815174,
    "USDAOA": 435.826404,
    "USDARS": 122.446568,
    "USDAUD": 1.418038,
    "USDAWG": 1.8005,
    "USDAZN": 1.70397,
    "USDBAM": 1.859508,
    "USDBBD": 2.033562,
    "USDBDT": 93.65155,
    "USDBGN": 1.85946,
    "USDBHD": 0.376878,
    "USDBIF": 2071.296824,
    "USDBMD": 1,
    "USDBND": 1.391139,
    "USDBOB": 6.934398,
    "USDBRL": 4.987385,
    "USDBSD": 1.007131,
    "USDBTC": 3.6335396e-05,
    "USDBTN": 78.354725,
    "USDBWP": 12.156589,
    "USDBYN": 3.399791,
    "USDBYR": 19600,
    "USDBZD": 2.030139,
    "USDCAD": 1.277825,
    "USDCDF": 2005.000362,
    "USDCHF": 0.987862,
    "USDCLF": 0.03061,
    "USDCLP": 844.630396,
    "USDCNY": 6.708904,
    "USDCOP": 3879.539836,
    "USDCRC": 691.538315,
    "USDCUC": 1,
    "USDCUP": 26.5,
    "USDCVE": 104.834569,
    "USDCZK": 23.48504,
    "USDDJF": 179.302149,
    "USDDKK": 7.07145,
    "USDDOP": 55.394562,
    "USDDZD": 146.51804,
    "USDEGP": 18.707929,
    "USDERN": 15.000001,
    "USDETB": 52.392375,
    "USDEUR": 0.950765,
    "USDFJD": 2.184904,
    "USDFKP": 0.818331,
    "USDGBP": 0.811919,
    "USDGEL": 2.91504,
    "USDGGP": 0.818331,
    "USDGHS": 7.981841,
    "USDGIP": 0.818331,
    "USDGMD": 54.05039,
    "USDGNF": 8915.953603,
    "USDGTQ": 7.780376,
    "USDGYD": 210.829055,
    "USDHKD": 7.849804,
    "USDHNL": 24.746149,
    "USDHRK": 7.151804,
    "USDHTG": 115.321354,
    "USDHUF": 378.41504,
    "USDIDR": 14614.95,
    "USDILS": 3.39424,
    "USDIMP": 0.818331,
    "USDINR": 78.143504,
    "USDIQD": 1469.984788,
    "USDIRR": 42350.000352,
    "USDISK": 131.860386,
    "USDJEP": 0.818331,
    "USDJMD": 154.474235,
    "USDJOD": 0.70904,
    "USDJPY": 134.41504,
    "USDKES": 117.889142,
    "USDKGS": 79.509604,
    "USDKHR": 4091.081955,
    "USDKMF": 468.250384,
    "USDKPW": 900.000222,
    "USDKRW": 1279.280384,
    "USDKWD": 0.30675,
    "USDKYD": 0.839323,
    "USDKZT": 439.38011,
    "USDLAK": 14497.147747,
    "USDLBP": 1522.818026,
    "USDLKR": 361.069975,
    "USDLRD": 152.000348,
    "USDLSL": 15.860382,
    "USDLTL": 2.95274,
    "USDLVL": 0.60489,
    "USDLYD": 4.814223,
    "USDMAD": 9.982791,
    "USDMDL": 19.191576,
    "USDMGA": 4083.067123,
    "USDMKD": 58.580529,
    "USDMMK": 1864.772866,
    "USDMNT": 3075.770799,
    "USDMOP": 8.142898,
    "USDMRO": 356.999828,
    "USDMUR": 44.095836,
    "USDMVR": 15.860378,
    "USDMWK": 1028.918996,
    "USDMXN": 19.97682,
    "USDMYR": 4.402039,
    "USDMZN": 63.830377,
    "USDNAD": 15.860377,
    "USDNGN": 415.130377,
    "USDNIO": 36.106674,
    "USDNOK": 9.71408,
    "USDNPR": 125.367941,
    "USDNZD": 1.569243,
    "USDOMR": 0.384978,
    "USDPAB": 1.007131,
    "USDPEN": 3.78437,
    "USDPGK": 3.594505,
    "USDPHP": 53.060375,
    "USDPKR": 203.699848,
    "USDPLN": 4.38115,
    "USDPYG": 6909.678646,
    "USDQAR": 3.641038,
    "USDRON": 4.699104,
    "USDRSD": 111.549724,
    "USDRUB": 57.624904,
    "USDRWF": 1035.976421,
    "USDSAR": 3.752019,
    "USDSBD": 8.113698,
    "USDSCR": 14.223236,
    "USDSDG": 456.503678,
    "USDSEK": 9.96571,
    "USDSGD": 1.38789,
    "USDSHP": 1.377404,
    "USDSLL": 13170.000339,
    "USDSOS": 582.000338,
    "USDSRD": 21.771038,
    "USDSTD": 20697.981008,
    "USDSVC": 8.812512,
    "USDSYP": 2512.450518,
    "USDSZL": 15.710591,
    "USDTHB": 34.713038,
    "USDTJS": 11.078817,
    "USDTMT": 3.5,
    "USDTND": 3.069504,
    "USDTOP": 2.32435,
    "USDTRY": 17.115804,
    "USDTTD": 6.845028,
    "USDTWD": 29.662038,
    "USDTZS": 2346.700894,
    "USDUAH": 29.758034,
    "USDUGX": 3716.486024,
    "USDUSD": 1,
    "USDUYU": 39.787983,
    "USDUZS": 11083.922799,
    "USDVEF": 213830222338.07285,
    "USDVND": 23182,
    "USDVUV": 114.265663,
    "USDWST": 2.579343,
    "USDXAF": 623.651835,
    "USDXAG": 0.045695,
    "USDXAU": 0.000534,
    "USDXCD": 2.70255,
    "USDXDR": 0.748051,
    "USDXOF": 623.651835,
    "USDXPF": 113.690364,
    "USDYER": 250.250364,
    "USDZAR": 15.85881,
    "USDZMK": 9001.203593,
    "USDZMW": 17.046302,
    "USDZWL": 321.999592
  },
  "source": "USD",
  "success": true,
  "timestamp": 1655027463
}