{
  "success": true,
  "timestamp": 1657828806,
  "source": "USD",
  "quotes": {
    "USDAED": 3.673099,
    "USDAFN": 87.998003,
    "USDALL": 117.07205,
    "USDAMD": 412.630269,
    "USDANG": 1.802396,
    "USDAOA": 432.616502,
    "USDARS": 128.017134,
    "USDAUD": 1.48235,
    "USDAWG": 1.7975,
    "USDAZN": 1.701438,
    "USDBAM": 1.952813,
    "USDBBD": 2.019251,
    "USDBDT": 93.957963,
    "USDBGN": 1.952704,
    "USDBHD": 0.377029,
    "USDBIF": 2058.88109,
    "USDBMD": 1,
    "USDBND": 1.403994,
    "USDBOB": 6.885572,
    "USDBRL": 5.432503,
    "USDBSD": 1.00009,
    "USDBTC": 4.8514418e-05,
    "USDBTN": 79.827958,
    "USDBWP": 12.797004,
    "USDBYN": 2.524263,
    "USDBYR": 19600,
    "USDBZD": 2.015856,
    "USDCAD": 1.310475,
    "USDCDF": 2002.520974,
    "USDCHF": 0.983597,
    "USDCLF": 0.036579,
    "USDCLP": 1009.329858,
    "USDCNY": 6.756402,
    "USDCOP": 4492,
    "USDCRC": 685.584767,
    "USDCUC": 1,
    "USDCUP": 26.5,
    "USDCVE": 110.096003,
    "USDCZK": 24.420205,
    "USDDJF": 177.719865,
    "USDDKK": 7.431499,
    "USDDOP": 54.605092,
    "USDDZD": 147.16804,
    "USDEGP": 18.881202,
    "USDERN": 15,
    "USDETB": 52.192385,
    "USDEUR": 0.998465,
    "USDFJD": 2.22975,
    "USDFKP": 0.842337,
    "USDGBP": 0.84585,
    "USDGEL": 2.940325,
    "USDGGP": 0.842337,
    "USDGHS": 8.125427,
    "USDGIP": 0.842337,
    "USDGMD": 54.089573,
    "USDGNF": 8678.977769,
    "USDGTQ": 7.740689,
    "USDGYD": 209.236146,
    "USDHKD": 7.849901,
    "USDHNL": 24.587119,
    "USDHRK": 7.502296,
    "USDHTG": 115.888168,
    "USDHUF": 404.7675,
    "USDIDR": 15041.8,
    "USDILS": 3.49913,
    "USDIMP": 0.842337,
    "USDINR": 79.87745,
    "USDIQD": 1459.640539,
    "USDIRR": 42350.000167,
    "USDISK": 138.890109,
    "USDJEP": 0.842337,
    "USDJMD": 151.81328,
    "USDJOD": 0.708989,
    "USDJPY": 138.898944,
    "USDKES": 118.201424,
    "USDKGS": 81.102206,
    "USDKHR": 4083.374938,
    "USDKMF": 464.624978,
    "USDKPW": 899.999992,
    "USDKRW": 1318.990163,
    "USDKWD": 0.30813,
    "USDKYD": 0.83345,
    "USDKZT": 479.785524,
    "USDLAK": 15030.753869,
    "USDLBP": 1512.331503,
    "USDLKR": 361.018073,
    "USDLRD": 152.503045,
    "USDLSL": 15.840177,
    "USDLTL": 2.95274,
    "USDLVL": 0.60489,
    "USDLYD": 4.873889,
    "USDMAD": 10.345416,
    "USDMDL": 19.316239,
    "USDMGA": 4113.010484,
    "USDMKD": 61.76898,
    "USDMMK": 1851.657214,
    "USDMNT": 3144.659992,
    "USDMOP": 8.086071,
    "USDMRO": 356.999828,
    "USDMUR": 45.051747,
    "USDMVR": 15.34954,
    "USDMWK": 1026.522217,
    "USDMXN": 20.81975,
    "USDMYR": 4.443986,
    "USDMZN": 63.830058,
    "USDNAD": 15.840023,
    "USDNGN": 415.329955,
    "USDNIO": 35.857855,
    "USDNOK": 10.243035,
    "USDNPR": 127.724413,
    "USDNZD": 1.63347,
    "USDOMR": 0.385037,
    "USDPAB": 1.00009,
    "USDPEN": 3.956365,
    "USDPGK": 3.569146,
    "USDPHP": 56.421001,
    "USDPKR": 209.567748,
    "USDPLN": 4.810695,
    "USDPYG": 6862.00699,
    "USDQAR": 3.640972,
    "USDRON": 4.934399,
    "USDRSD": 117.169495,
    "USDRUB": 58.275031,
    "USDRWF": 1031.283075,
    "USDSAR": 3.75406,
    "USDSBD": 8.159969,
    "USDSCR": 13.150078,
    "USDSDG": 456.501632,
    "USDSEK": 10.58379,
    "USDSGD": 1.403235,
    "USDSHP": 1.377402,
    "USDSLL": 13170.000098,
    "USDSOS": 584.499041,
    "USDSRD": 22.483501,
    "USDSTD": 20697.981008,
    "USDSVC": 8.750786,
    "USDSYP": 2512.529433,
    "USDSZL": 17.138992,
    "USDTHB": 36.580116,
    "USDTJS": 10.325808,
    "USDTMT": 3.51,
    "USDTND": 3.063498,
    "USDTOP": 2.363401,
    "USDTRY": 17.467905,
    "USDTTD": 6.772374,
    "USDTWD": 29.945497,
    "USDTZS": 2331.99972,
    "USDUAH": 29.525621,
    "USDUGX": 3765.351972,
    "USDUSD": 1.000268,
    "USDUYU": 41.028457,
    "USDUZS": 10935.733649,
    "USDVND": 23420,
    "USDVUV": 118.896025,
    "USDWST": 2.72097,
    "USDXAF": 654.974538,
    "USDXAG": 0.054261,
    "USDXAU": 0.000585,
    "USDXCD": 2.70255,
    "USDXDR": 0.762356,
    "USDXOF": 654.951649,
    "USDXPF": 113.149557,
    "USDYER": 250.249868,
    "USDZAR": 17.15504,
    "USDZMK": 9001.208457,
    "USDZMW": 16.411383,
    "USDZWL": 321.999592
  }
}
