{
  "success": true,
  "timestamp": 1757757188,
  "source": "USD",
  "quotes": {
    "USDAED": 3.672504,
    "USDAFN": 68.146381,
    "USDALL": 82.605547,
    "USDAMD": 382.141183,
    "USDANG": 1.790403,
    "USDAOA": 917.000367,
    "USDARS": 1432.444852,
    "USDAUD": 1.515611,
    "USDAWG": 1.8,
    "USDAZN": 1.70397,
    "USDBAM": 1.666425,
    "USDBBD": 2.013633,
    "USDBDT": 121.671708,
    "USDBGN": 1.667518,
    "USDBHD": 0.376859,
    "USDBIF": 2983.683381,
    "USDBMD": 1,
    "USDBND": 1.28258,
    "USDBOB": 6.908363,
    "USDBRL": 5.346404,
    "USDBSD": 0.999787,
    "USDBTC": 8.596789e-6,
    "USDBTN": 88.189835,
    "USDBWP": 13.318281,
    "USDBYN": 3.386359,
    "USDBYR": 19600,
    "USDBZD": 2.010736,
    "USDCAD": 1.38535,
    "USDCDF": 2835.000362,
    "USDCHF": 0.79674,
    "USDCLF": 0.024246,
    "USDCLP": 951.160908,
    "USDCNY": 7.124704,
    "USDCNH": 7.12442,
    "USDCOP": 3891.449751,
    "USDCRC": 503.642483,
    "USDCUC": 1,
    "USDCUP": 26.5,
    "USDCVE": 93.950496,
    "USDCZK": 20.726804,
    "USDDJF": 178.034337,
    "USDDKK": 6.36065,
    "USDDOP": 63.383462,
    "USDDZD": 129.343501,
    "USDEGP": 48.013462,
    "USDERN": 15,
    "USDETB": 143.551399,
    "USDEUR": 0.852104,
    "USDFJD": 2.238704,
    "USDFKP": 0.738285,
    "USDGBP": 0.737654,
    "USDGEL": 2.690391,
    "USDGGP": 0.738285,
    "USDGHS": 12.196992,
    "USDGIP": 0.738285,
    "USDGMD": 71.503851,
    "USDGNF": 8671.239296,
    "USDGTQ": 7.664977,
    "USDGYD": 209.16798,
    "USDHKD": 7.778205,
    "USDHNL": 26.193499,
    "USDHRK": 6.420404,
    "USDHTG": 130.822647,
    "USDHUF": 333.080388,
    "USDIDR": 16407.9,
    "USDILS": 3.335965,
    "USDIMP": 0.738285,
    "USDINR": 88.27785,
    "USDIQD": 1309.76015,
    "USDIRR": 42075.000352,
    "USDISK": 122.050386,
    "USDJEP": 0.738285,
    "USDJMD": 160.380011,
    "USDJOD": 0.70904,
    "USDJPY": 147.69404,
    "USDKES": 129.169684,
    "USDKGS": 87.450384,
    "USDKHR": 4007.157159,
    "USDKMF": 419.503794,
    "USDKPW": 899.952557,
    "USDKRW": 1393.030383,
    "USDKWD": 0.30537,
    "USDKYD": 0.833213,
    "USDKZT": 540.612619,
    "USDLAK": 21678.524262,
    "USDLBP": 89530.950454,
    "USDLKR": 301.657223,
    "USDLRD": 177.463469,
    "USDLSL": 17.351681,
    "USDLTL": 2.95274,
    "USDLVL": 0.60489,
    "USDLYD": 5.398543,
    "USDMAD": 9.003451,
    "USDMDL": 16.606314,
    "USDMGA": 4430.622417,
    "USDMKD": 52.434712,
    "USDMMK": 2099.430376,
    "USDMNT": 3599.247901,
    "USDMOP": 8.014485,
    "USDMRU": 39.911388,
    "USDMUR": 45.480378,
    "USDMVR": 15.310378,
    "USDMWK": 1733.566225,
    "USDMXN": 18.440104,
    "USDMYR": 4.205039,
    "USDMZN": 63.910377,
    "USDNAD": 17.351681,
    "USDNGN": 1502.303725,
    "USDNIO": 36.791207,
    "USDNOK": 9.860104,
    "USDNPR": 141.103395,
    "USDNZD": 1.682511,
    "USDOMR": 0.383334,
    "USDPAB": 0.999787,
    "USDPEN": 3.484259,
    "USDPGK": 4.237209,
    "USDPHP": 57.170375,
    "USDPKR": 283.854556,
    "USDPLN": 3.627061,
    "USDPYG": 7144.378648,
    "USDQAR": 3.649725,
    "USDRON": 4.317038,
    "USDRSD": 99.80829,
    "USDRUB": 83.304222,
    "USDRWF": 1448.728326,
    "USDSAR": 3.751509,
    "USDSBD": 8.206879,
    "USDSCR": 14.222298,
    "USDSDG": 601.503676,
    "USDSEK": 9.316804,
    "USDSGD": 1.284404,
    "USDSHP": 0.785843,
    "USDSLE": 23.375038,
    "USDSLL": 20969.503664,
    "USDSOS": 571.379883,
    "USDSRD": 39.375038,
    "USDSTD": 20697.981008,
    "USDSTN": 20.875048,
    "USDSVC": 8.747923,
    "USDSYP": 13001.524619,
    "USDSZL": 17.33481,
    "USDTHB": 31.710369,
    "USDTJS": 9.408001,
    "USDTMT": 3.51,
    "USDTND": 2.910408,
    "USDTOP": 2.342104,
    "USDTRY": 41.326504,
    "USDTTD": 6.797597,
    "USDTWD": 30.299904,
    "USDTZS": 2459.506667,
    "USDUAH": 41.217314,
    "USDUGX": 3513.824394,
    "USDUYU": 40.04601,
    "USDUZS": 12444.936736,
    "USDVES": 158.73035,
    "USDVND": 26385,
    "USDVUV": 118.783744,
    "USDWST": 2.67732,
    "USDXAF": 558.903421,
    "USDXAG": 0.023708,
    "USDXAU": 0.000275,
    "USDXCD": 2.70255,
    "USDXCG": 1.8019,
    "USDXDR": 0.695096,
    "USDXOF": 558.903421,
    "USDXPF": 101.614621,
    "USDYER": 239.550363,
    "USDZAR": 17.38811,
    "USDZMK": 9001.203584,
    "USDZMW": 23.720019,
    "USDZWL": 321.999592
  }
}