{
  "success": true,
  "timestamp": 1752612006,
  "source": "USD",
  "quotes": {
    "USDAED": 3.673017,
    "USDAFN": 69.000259,
    "USDALL": 84.249761,
    "USDAMD": 384.120027,
    "USDANG": 1.789699,
    "USDAOA": 917.000441,
    "USDARS": 1260.048898,
    "USDAUD": 1.53539,
    "USDAWG": 1.8,
    "USDAZN": 1.700423,
    "USDBAM": 1.675081,
    "USDBBD": 2.020495,
    "USDBDT": 121.584296,
    "USDBGN": 1.68594,
    "USDBHD": 0.377027,
    "USDBIF": 2840,
    "USDBMD": 1,
    "USDBND": 1.282048,
    "USDBOB": 6.915128,
    "USDBRL": 5.559399,
    "USDBSD": 1.000698,
    "USDBTC": 8.590807e-6,
    "USDBTN": 85.852422,
    "USDBWP": 13.45598,
    "USDBYN": 3.274879,
    "USDBYR": 19600,
    "USDBZD": 2.010046,
    "USDCAD": 1.37251,
    "USDCDF": 2885.99979,
    "USDCHF": 0.801845,
    "USDCLF": 0.025209,
    "USDCLP": 967.370161,
    "USDCNY": 7.172992,
    "USDCNH": 7.18359,
    "USDCOP": 4033,
    "USDCRC": 504.717001,
    "USDCUC": 1,
    "USDCUP": 26.5,
    "USDCVE": 95.550185,
    "USDCZK": 21.265003,
    "USDDJF": 177.719692,
    "USDDKK": 6.432804,
    "USDDOP": 60.285023,
    "USDDZD": 130.123161,
    "USDEGP": 49.413703,
    "USDERN": 15,
    "USDETB": 136.549805,
    "USDEUR": 0.86191,
    "USDFJD": 2.256402,
    "USDFKP": 0.74436,
    "USDGBP": 0.74725,
    "USDGEL": 2.710306,
    "USDGGP": 0.74436,
    "USDGHS": 10.389287,
    "USDGIP": 0.74436,
    "USDGMD": 71.507527,
    "USDGNF": 8655.999873,
    "USDGTQ": 7.679955,
    "USDGYD": 209.276333,
    "USDHKD": 7.851145,
    "USDHNL": 26.349595,
    "USDHRK": 6.493601,
    "USDHTG": 131.390862,
    "USDHUF": 345.328977,
    "USDIDR": 16271.6,
    "USDILS": 3.366935,
    "USDIMP": 0.74436,
    "USDINR": 85.995598,
    "USDIQD": 1310,
    "USDIRR": 42124.999801,
    "USDISK": 122.989836,
    "USDJEP": 0.74436,
    "USDJMD": 159.919835,
    "USDJOD": 0.709021,
    "USDJPY": 148.874502,
    "USDKES": 129.506157,
    "USDKGS": 87.446599,
    "USDKHR": 4019.999779,
    "USDKMF": 424.624961,
    "USDKPW": 900.023614,
    "USDKRW": 1386.269888,
    "USDKWD": 0.30593,
    "USDKYD": 0.833944,
    "USDKZT": 526.300012,
    "USDLAK": 21565.000054,
    "USDLBP": 89549.999737,
    "USDLKR": 301.279992,
    "USDLRD": 201.000393,
    "USDLSL": 17.930154,
    "USDLTL": 2.95274,
    "USDLVL": 0.60489,
    "USDLYD": 5.409717,
    "USDMAD": 9.0615,
    "USDMDL": 16.911831,
    "USDMGA": 4430.000334,
    "USDMKD": 52.724213,
    "USDMMK": 2099.682636,
    "USDMNT": 3584.847314,
    "USDMOP": 8.091317,
    "USDMRU": 39.720397,
    "USDMUR": 45.36499,
    "USDMVR": 15.40246,
    "USDMWK": 1736.497835,
    "USDMXN": 18.8189,
    "USDMYR": 4.242504,
    "USDMZN": 63.959942,
    "USDNAD": 17.929699,
    "USDNGN": 1529.110083,
    "USDNIO": 36.750402,
    "USDNOK": 10.256204,
    "USDNPR": 137.363875,
    "USDNZD": 1.68295,
    "USDOMR": 0.384505,
    "USDPAB": 1.000698,
    "USDPEN": 3.560983,
    "USDPGK": 4.13325,
    "USDPHP": 56.847503,
    "USDPKR": 284.650067,
    "USDPLN": 3.676612,
    "USDPYG": 7748.472274,
    "USDQAR": 3.640602,
    "USDRON": 4.375895,
    "USDRSD": 100.962388,
    "USDRUB": 78.077404,
    "USDRWF": 1436.5,
    "USDSAR": 3.750614,
    "USDSBD": 8.31956,
    "USDSCR": 14.145053,
    "USDSDG": 600.499938,
    "USDSEK": 9.72632,
    "USDSGD": 1.285525,
    "USDSHP": 0.785843,
    "USDSLE": 22.449602,
    "USDSLL": 20969.503947,
    "USDSOS": 571.505167,
    "USDSRD": 37.464503,
    "USDSTD": 20697.981008,
    "USDSVC": 8.755679,
    "USDSYP": 13001.850206,
    "USDSZL": 17.929961,
    "USDTHB": 32.589982,
    "USDTJS": 9.566584,
    "USDTMT": 3.51,
    "USDTND": 2.900501,
    "USDTOP": 2.342096,
    "USDTRY": 40.2258,
    "USDTTD": 6.79351,
    "USDTWD": 29.398502,
    "USDTZS": 2612.505244,
    "USDUAH": 41.846632,
    "USDUGX": 3586.89089,
    "USDUYU": 40.785039,
    "USDUZS": 12794.999935,
    "USDVES": 115.699825,
    "USDVND": 26137.5,
    "USDVUV": 119.503157,
    "USDWST": 2.744218,
    "USDXAF": 561.806635,
    "USDXAG": 0.026512,
    "USDXAU": 0.0003,
    "USDXCD": 2.70255,
    "USDXDR": 0.698956,
    "USDXOF": 562.000013,
    "USDXPF": 102.649689,
    "USDYER": 241.349675,
    "USDZAR": 17.93035,
    "USDZMK": 9001.196736,
    "USDZMW": 22.840307,
    "USDZWL": 321.999592
  }
}