{
  "success": true,
  "terms": "https:\/\/currencylayer.com\/terms",
  "privacy": "https:\/\/currencylayer.com\/privacy",
  "timestamp": 1624932843,
  "source": "USD",
  "quotes": {
    "USDAED": 3.673201,
    "USDAFN": 79.597712,
    "USDALL": 103.049763,
    "USDAMD": 496.829903,
    "USDANG": 1.795935,
    "USDAOA": 647.189623,
    "USDARS": 95.523409,
    "USDAUD": 1.32377,
    "USDAWG": 1.8,
    "USDAZN": 1.709608,
    "USDBAM": 1.639064,
    "USDBBD": 2.020113,
    "USDBDT": 84.893023,
    "USDBGN": 1.640605,
    "USDBHD": 0.377015,
    "USDBIF": 1986,
    "USDBMD": 1,
    "USDBND": 1.34339,
    "USDBOB": 6.913472,
    "USDBRL": 4.925993,
    "USDBSD": 1.000545,
    "USDBTC": 2.8793145e-5,
    "USDBTN": 74.234653,
    "USDBWP": 10.898806,
    "USDBYN": 2.528892,
    "USDBYR": 19600,
    "USDBZD": 2.016761,
    "USDCAD": 1.234245,
    "USDCDF": 1997.00023,
    "USDCHF": 0.92033,
    "USDCLF": 0.026637,
    "USDCLP": 735.000245,
    "USDCNY": 6.463097,
    "USDCOP": 3703,
    "USDCRC": 620.020951,
    "USDCUC": 1,
    "USDCUP": 26.5,
    "USDCVE": 95.850302,
    "USDCZK": 21.342895,
    "USDDJF": 177.720253,
    "USDDKK": 6.241601,
    "USDDOP": 57.049771,
    "USDDZD": 134.065003,
    "USDEGP": 15.673502,
    "USDERN": 15.001999,
    "USDETB": 43.629903,
    "USDEUR": 0.839345,
    "USDFJD": 2.06105,
    "USDFKP": 0.708843,
    "USDGBP": 0.721425,
    "USDGEL": 3.145014,
    "USDGGP": 0.708843,
    "USDGHS": 5.850222,
    "USDGIP": 0.708843,
    "USDGMD": 51.119927,
    "USDGNF": 9824.999788,
    "USDGTQ": 7.753949,
    "USDGYD": 209.277184,
    "USDHKD": 7.76235,
    "USDHNL": 23.990301,
    "USDHRK": 6.293598,
    "USDHTG": 93.547035,
    "USDHUF": 294.148981,
    "USDIDR": 14497.65,
    "USDILS": 3.25916,
    "USDIMP": 0.708843,
    "USDINR": 74.267501,
    "USDIQD": 1461.5,
    "USDIRR": 42105.00033,
    "USDISK": 123.639943,
    "USDJEP": 0.708843,
    "USDJMD": 150.44626,
    "USDJOD": 0.708993,
    "USDJPY": 110.498969,
    "USDKES": 107.800999,
    "USDKGS": 84.647904,
    "USDKHR": 4085.000017,
    "USDKMF": 412.901488,
    "USDKPW": 900.00035,
    "USDKRW": 1130.490126,
    "USDKWD": 0.30107,
    "USDKYD": 0.833773,
    "USDKZT": 426.934842,
    "USDLAK": 9484.999701,
    "USDLBP": 1527.294088,
    "USDLKR": 199.100943,
    "USDLRD": 171.450186,
    "USDLSL": 14.180301,
    "USDLTL": 2.95274,
    "USDLVL": 0.60489,
    "USDLYD": 4.504985,
    "USDMAD": 8.897503,
    "USDMDL": 17.994134,
    "USDMGA": 3824.999753,
    "USDMKD": 51.673466,
    "USDMMK": 1646.834611,
    "USDMNT": 2845.998274,
    "USDMOP": 7.999581,
    "USDMRO": 356.999828,
    "USDMUR": 42.501238,
    "USDMVR": 15.410003,
    "USDMWK": 807.503721,
    "USDMXN": 19.831955,
    "USDMYR": 4.152499,
    "USDMZN": 63.304961,
    "USDNAD": 14.17995,
    "USDNGN": 410.501107,
    "USDNIO": 35.240346,
    "USDNOK": 8.536995,
    "USDNPR": 118.775613,
    "USDNZD": 1.42197,
    "USDOMR": 0.384978,
    "USDPAB": 1.000545,
    "USDPEN": 3.885046,
    "USDPGK": 3.510442,
    "USDPHP": 48.585501,
    "USDPKR": 158.150214,
    "USDPLN": 3.77905,
    "USDPYG": 6762.455479,
    "USDQAR": 3.641014,
    "USDRON": 4.135794,
    "USDRSD": 98.557733,
    "USDRUB": 72.331201,
    "USDRWF": 983.5,
    "USDSAR": 3.751017,
    "USDSBD": 8.016064,
    "USDSCR": 14.298601,
    "USDSDG": 449.503172,
    "USDSEK": 8.520045,
    "USDSGD": 1.343804,
    "USDSHP": 0.708843,
    "USDSLL": 10259.999803,
    "USDSOS": 584.999778,
    "USDSRD": 20.853505,
    "USDSTD": 20408.496127,
    "USDSVC": 8.755081,
    "USDSYP": 1257.841696,
    "USDSZL": 14.179658,
    "USDTHB": 32.039666,
    "USDTJS": 11.410769,
    "USDTMT": 3.5,
    "USDTND": 2.772502,
    "USDTOP": 2.24145,
    "USDTRY": 8.691201,
    "USDTTD": 6.791117,
    "USDTWD": 27.872303,
    "USDTZS": 2319.000342,
    "USDUAH": 27.343664,
    "USDUGX": 3556.810754,
    "USDUSD": 1,
    "USDUYU": 43.456945,
    "USDUZS": 10595.999757,
    "USDVEF": 213830222338.07285,
    "USDVND": 23025,
    "USDVUV": 108.440804,
    "USDWST": 2.521973,
    "USDXAF": 549.723025,
    "USDXAG": 0.038438,
    "USDXAU": 0.000563,
    "USDXCD": 2.70255,
    "USDXDR": 0.700189,
    "USDXOF": 549.499139,
    "USDXPF": 100.40435,
    "USDYER": 250.1995,
    "USDZAR": 14.2719,
    "USDZMK": 9001.198328,
    "USDZMW": 22.663985,
    "USDZWL": 322.000331
  }
}