{"success":true,"terms":"https:\/\/currencylayer.com\/terms","privacy":"https:\/\/currencylayer.com\/privacy","timestamp":1525187104,"source":"USD","quotes":{"USDAED":3.672701,"USDAFN":70.000164,"USDALL":104.999875,"USDAMD":482.820007,"USDANG":1.77985,"USDAOA":225.688004,"USDARS":20.510106,"USDAUD":1.337032,"USDAWG":1.78,"USDAZN":1.699501,"USDBAM":1.633199,"USDBBD":2,"USDBDT":84.190002,"USDBGN":1.619199,"USDBHD":0.376802,"USDBIF":1750.97998,"USDBMD":1,"USDBND":1.283962,"USDBOB":6.859797,"USDBRL":3.506799,"USDBSD":1,"USDBTC":0.000112,"USDBTN":66.349998,"USDBWP":9.770197,"USDBYN":1.989807,"USDBYR":19600,"USDBZD":1.997799,"USDCAD":1.29079,"USDCDF":1565.498421,"USDCHF":0.99582,"USDCLF":0.02255,"USDCLP":614.880005,"USDCNY":6.332398,"USDCOP":2811.100098,"USDCRC":561.750313,"USDCUC":1,"USDCUP":26.5,"USDCVE":91.970001,"USDCZK":21.426701,"USDDJF":176.830002,"USDDKK":6.21401,"USDDOP":49.490002,"USDDZD":115.064003,"USDEGP":17.629999,"USDERN":14.989625,"USDETB":27.200001,"USDEUR":0.833801,"USDFJD":2.099206,"USDFKP":0.730601,"USDGBP":0.73547,"USDGEL":2.447028,"USDGGP":0.735563,"USDGHS":4.493502,"USDGIP":0.730902,"USDGMD":47.019832,"USDGNF":9001.999829,"USDGTQ":7.335962,"USDGYD":206.639999,"USDHKD":7.84864,"USDHNL":23.568001,"USDHRK":6.179403,"USDHTG":63.47992,"USDHUF":261.670013,"USDIDR":13910,"USDILS":3.607902,"USDIMP":0.735563,"USDINR":66.599998,"USDIQD":1184,"USDIRR":41999.99981,"USDISK":98.599998,"USDJEP":0.735563,"USDJMD":123.129997,"USDJOD":0.708503,"USDJPY":109.720001,"USDKES":100.349998,"USDKGS":68.782598,"USDKHR":3974.999917,"USDKMF":407.929993,"USDKPW":899.999756,"USDKRW":1072.410034,"USDKWD":0.300897,"USDKYD":0.819983,"USDKZT":327.359985,"USDLAK":8296.999963,"USDLBP":1504.999723,"USDLKR":157.869995,"USDLRD":131.740005,"USDLSL":12.039919,"USDLTL":3.048702,"USDLVL":0.62055,"USDLYD":1.338896,"USDMAD":9.32801,"USDMDL":16.510034,"USDMGA":3195.000176,"USDMKD":51.070099,"USDMMK":1328.999813,"USDMNT":2393.999911,"USDMOP":8.083698,"USDMRO":353.000322,"USDMUR":34.000205,"USDMVR":15.569732,"USDMWK":713.440002,"USDMXN":18.874963,"USDMYR":3.919506,"USDMZN":58.900002,"USDNAD":12.633,"USDNGN":357.999857,"USDNIO":31.292503,"USDNOK":8.09313,"USDNPR":106.553299,"USDNZD":1.42902,"USDOMR":0.3848,"USDPAB":1,"USDPEN":3.256402,"USDPGK":3.279887,"USDPHP":51.790001,"USDPKR":115.489998,"USDPLN":3.567295,"USDPYG":5528.999984,"USDQAR":3.639804,"USDRON":3.892702,"USDRSD":97.131302,"USDRUB":63.518299,"USDRWF":846.409973,"USDSAR":3.750222,"USDSBD":7.794797,"USDSCR":13.430103,"USDSDG":18.051201,"USDSEK":8.85267,"USDSGD":1.33373,"USDSHP":0.7309,"USDSLL":7819.999614,"USDSOS":562.000104,"USDSRD":7.41978,"USDSTD":20437.099609,"USDSVC":8.750131,"USDSYP":514.97998,"USDSZL":12.6431,"USDTHB":31.650164,"USDTJS":8.900499,"USDTMT":3.4,"USDTND":2.456797,"USDTOP":2.281602,"USDTRY":4.1029,"USDTTD":6.7205,"USDTWD":29.697001,"USDTZS":2276.000278,"USDUAH":26.209999,"USDUGX":3708.999696,"USDUSD":1,"USDUYU":28.570368,"USDUZS":8079.999886,"USDVEF":68827.000076,"USDVND":22762,"USDVUV":108.570172,"USDWST":2.570802,"USDXAF":546.498421,"USDXAG":0.062267,"USDXAU":0.000767,"USDXCD":2.694287,"USDXDR":0.697042,"USDXOF":546.5318,"USDXPF":99.539006,"USDYER":249.850006,"USDZAR":12.646902,"USDZMK":9001.200338,"USDZMW":9.879867,"USDZWL":322.355011}}