{
  "quotes": {
    "USDAED": 3.67325,
    "USDAFN": 75.54996,
    "USDALL": 109.099219,
    "USDAMD": 485.160098,
    "USDANG": 1.77535,
    "USDAOA": 305.111502,
    "USDARS": 36.857697,
    "USDAUD": 1.40895,
    "USDAWG": 1.8005,
    "USDAZN": 1.704967,
    "USDBAM": 1.71505,
    "USDBBD": 2.00205,
    "USDBDT": 85.294503,
    "USDBGN": 1.71295,
    "USDBHD": 0.376985,
    "USDBIF": 1815,
    "USDBMD": 1,
    "USDBND": 1.410296,
    "USDBOB": 6.911501,
    "USDBRL": 3.71085,
    "USDBSD": 1.000185,
    "USDBTC": 0.000155,
    "USDBTN": 73.214655,
    "USDBWP": 10.76094,
    "USDBYN": 2.110402,
    "USDBYR": 19600,
    "USDBZD": 2.01045,
    "USDCAD": 1.305875,
    "USDCDF": 1610.999813,
    "USDCHF": 0.99864,
    "USDCLF": 0.025048,
    "USDCLP": 687.295031,
    "USDCNY": 6.944501,
    "USDCOP": 3159.9,
    "USDCRC": 596.604985,
    "USDCUC": 1,
    "USDCUP": 26.5,
    "USDCVE": 96.944499,
    "USDCZK": 22.611702,
    "USDDJF": 177.719843,
    "USDDKK": 6.53254,
    "USDDOP": 50.149656,
    "USDDZD": 118.984994,
    "USDEGP": 17.912035,
    "USDERN": 15.000017,
    "USDETB": 28.029838,
    "USDEUR": 0.875565,
    "USDFJD": 2.149975,
    "USDFKP": 0.769965,
    "USDGBP": 0.775335,
    "USDGEL": 2.695034,
    "USDGGP": 0.775269,
    "USDGHS": 4.844998,
    "USDGIP": 0.769975,
    "USDGMD": 49.435027,
    "USDGNF": 9115.000432,
    "USDGTQ": 7.761451,
    "USDGYD": 209.091373,
    "USDHKD": 7.840225,
    "USDHNL": 24.109874,
    "USDHRK": 6.505901,
    "USDHTG": 71.552977,
    "USDHUF": 283.443056,
    "USDIDR": 15175.75,
    "USDILS": 3.68891,
    "USDIMP": 0.775269,
    "USDINR": 73.175008,
    "USDIQD": 1190,
    "USDIRR": 42105.000043,
    "USDISK": 120.050074,
    "USDJEP": 0.775269,
    "USDJMD": 129.669697,
    "USDJOD": 0.709746,
    "USDJPY": 112.280034,
    "USDKES": 101.259553,
    "USDKGS": 69.4119,
    "USDKHR": 4070.0002,
    "USDKMF": 432.249977,
    "USDKPW": 900.026273,
    "USDKRW": 1135.830568,
    "USDKWD": 0.303598,
    "USDKYD": 0.83351,
    "USDKZT": 367.897012,
    "USDLAK": 8536.000077,
    "USDLBP": 1509.802739,
    "USDLKR": 172.760185,
    "USDLRD": 156.750326,
    "USDLSL": 14.490088,
    "USDLTL": 2.95274,
    "USDLVL": 0.60489,
    "USDLYD": 1.375021,
    "USDMAD": 9.524395,
    "USDMDL": 17.158499,
    "USDMGA": 3487.496363,
    "USDMKD": 53.84501,
    "USDMMK": 1584.797601,
    "USDMNT": 2564.888981,
    "USDMOP": 8.07725,
    "USDMRO": 356.999991,
    "USDMUR": 34.449873,
    "USDMVR": 15.450399,
    "USDMWK": 727.205001,
    "USDMXN": 19.53672,
    "USDMYR": 4.163017,
    "USDMZN": 60.604989,
    "USDNAD": 14.501595,
    "USDNGN": 363.498764,
    "USDNIO": 32.180041,
    "USDNOK": 8.308897,
    "USDNPR": 117.21002,
    "USDNZD": 1.528605,
    "USDOMR": 0.385015,
    "USDPAB": 1.00019,
    "USDPEN": 3.34195,
    "USDPGK": 3.340258,
    "USDPHP": 53.704993,
    "USDPKR": 133.450232,
    "USDPLN": 3.77452,
    "USDPYG": 5997.293572,
    "USDQAR": 3.64098,
    "USDRON": 4.08326,
    "USDRSD": 103.759981,
    "USDRUB": 65.724043,
    "USDRWF": 871,
    "USDSAR": 3.750802,
    "USDSBD": 8.18765,
    "USDSCR": 13.620977,
    "USDSDG": 47.126049,
    "USDSEK": 9.09334,
    "USDSGD": 1.37876,
    "USDSHP": 1.320898,
    "USDSLL": 8499.999637,
    "USDSOS": 579.99991,
    "USDSRD": 7.45796,
    "USDSTD": 21050.59961,
    "USDSVC": 8.75155,
    "USDSYP": 515.000287,
    "USDSZL": 14.515502,
    "USDTHB": 32.911499,
    "USDTJS": 9.41715,
    "USDTMT": 3.51,
    "USDTND": 2.888905,
    "USDTOP": 2.29025,
    "USDTRY": 5.63642,
    "USDTTD": 6.74145,
    "USDTWD": 30.954501,
    "USDTZS": 2294.596467,
    "USDUAH": 28.341023,
    "USDUGX": 3760.750567,
    "USDUSD": 1,
    "USDUYU": 32.869762,
    "USDUZS": 8225.999816,
    "USDVEF": 248519.950262,
    "USDVND": 23352.8,
    "USDVUV": 115.000238,
    "USDWST": 2.635095,
    "USDXAF": 575.230656,
    "USDXAG": 0.067845,
    "USDXAU": 0.00081,
    "USDXCD": 2.70255,
    "USDXDR": 0.72071,
    "USDXOF": 575.219641,
    "USDXPF": 104.580381,
    "USDYER": 250.350146,
    "USDZAR": 14.50455,
    "USDZMK": 9001.202813,
    "USDZMW": 11.677009,
    "USDZWL": 322.355011
  }
}