{"quotes":{"USDAED":3.67315,"USDAFN":76.004982,"USDALL":109.098872,"USDAMD":485.260292,"USDANG":1.774502,"USDAOA":309.489862,"USDARS":38.1397,"USDAUD":1.385855,"USDAWG":1.8,"USDAZN":1.705004,"USDBAM":1.724501,"USDBBD":2.001,"USDBDT":83.867988,"USDBGN":1.72205,"USDBHD":0.37696,"USDBIF":1785,"USDBMD":1,"USDBND":1.57562,"USDBOB":6.90815,"USDBRL":3.90005,"USDBSD":0.9998,"USDBTC":0.000268,"USDBTN":70.870639,"USDBWP":10.624956,"USDBYN":2.1342,"USDBYR":19600,"USDBZD":2.01515,"USDCAD":1.34089,"USDCDF":1610.999772,"USDCHF":0.994955,"USDCLF":0.025048,"USDCLP":676.845873,"USDCNY":6.891297,"USDCOP":3160.1,"USDCRC":597.839878,"USDCUC":1,"USDCUP":26.5,"USDCVE":97.228498,"USDCZK":22.7873,"USDDJF":177.719919,"USDDKK":6.56869,"USDDOP":50.295045,"USDDZD":118.602842,"USDEGP":17.9583,"USDERN":14.999766,"USDETB":28.053501,"USDEUR":0.880115,"USDFJD":2.105798,"USDFKP":0.77982,"USDGBP":0.782975,"USDGEL":2.670167,"USDGGP":0.782965,"USDGHS":4.84265,"USDGIP":0.77997,"USDGMD":49.485026,"USDGNF":9091.349787,"USDGTQ":7.72545,"USDGYD":209.209997,"USDHKD":7.81155,"USDHNL":24.375502,"USDHRK":6.506298,"USDHTG":75.170501,"USDHUF":284.932033,"USDIDR":14575,"USDILS":3.73142,"USDIMP":0.782965,"USDINR":70.834975,"USDIQD":1192.85,"USDIRR":42105.000325,"USDISK":121.810289,"USDJEP":0.782965,"USDJMD":127.559953,"USDJOD":0.709597,"USDJPY":112.768499,"USDKES":102.639636,"USDKGS":69.850309,"USDKHR":4030.999779,"USDKMF":433.925022,"USDKPW":900.040977,"USDKRW":1120.61993,"USDKWD":0.304205,"USDKYD":0.833125,"USDKZT":371.099182,"USDLAK":8554.350133,"USDLBP":1507.550268,"USDLKR":179.24035,"USDLRD":158.050141,"USDLSL":13.865024,"USDLTL":2.95274,"USDLVL":0.60489,"USDLYD":1.39715,"USDMAD":9.502304,"USDMDL":17.165978,"USDMGA":3589.196025,"USDMKD":54.149561,"USDMMK":1558.104285,"USDMNT":2633.916147,"USDMOP":8.04475,"USDMRO":357.000447,"USDMUR":34.550612,"USDMVR":15.449547,"USDMWK":776.604999,"USDMXN":20.546504,"USDMYR":4.167303,"USDMZN":61.525002,"USDNAD":13.840435,"USDNGN":363.919764,"USDNIO":32.44105,"USDNOK":8.53784,"USDNPR":113.410327,"USDNZD":1.45374,"USDOMR":0.38505,"USDPAB":0.9997,"USDPEN":3.37535,"USDPGK":3.36835,"USDPHP":52.868497,"USDPKR":139.690025,"USDPLN":3.77263,"USDPYG":5913.605074,"USDQAR":3.641012,"USDRON":4.0963,"USDRSD":104.019877,"USDRUB":66.846017,"USDRWF":891.26,"USDSAR":3.75145,"USDSBD":8.120201,"USDSCR":13.640471,"USDSDG":47.6075,"USDSEK":9.00817,"USDSGD":1.370399,"USDSHP":1.320898,"USDSLL":8449.99977,"USDSOS":580.999605,"USDSRD":7.457963,"USDSTD":21050.59961,"USDSVC":8.748301,"USDSYP":514.999841,"USDSZL":14.041497,"USDTHB":32.851952,"USDTJS":9.423101,"USDTMT":3.5,"USDTND":2.92625,"USDTOP":2.24645,"USDTRY":5.35035,"USDTTD":6.73815,"USDTWD":30.854497,"USDTZS":2299.601191,"USDUAH":27.872499,"USDUGX":3734.150266,"USDUSD":1,"USDUYU":32.000101,"USDUZS":8312.849897,"USDVEF":248567.750388,"USDVND":23327,"USDVUV":112.857551,"USDWST":2.575903,"USDXAF":578.380193,"USDXAG":0.069382,"USDXAU":0.000808,"USDXCD":2.70255,"USDXDR":0.72245,"USDXOF":578.380211,"USDXPF":105.159864,"USDYER":250.310938,"USDZAR":14.03995,"USDZMK":9001.198559,"USDZMW":11.822028,"USDZWL":322.355011}}